/* DML - Oracle Friendly */

-- PESSOA
INSERT INTO PESSOA VALUES ('11111111111', 'Ana Silva', TO_DATE('1985-06-12', 'YYYY-MM-DD'), 'Rua A', '123', 'Centro', 'Recife', 'PE', '50000000');
INSERT INTO PESSOA VALUES ('22222222222', 'Carlos Souza', TO_DATE('1990-02-28', 'YYYY-MM-DD'), 'Rua B', '456', 'Boa Vista', 'Olinda', 'PE', '53000000');
INSERT INTO PESSOA VALUES ('33333333333', 'Beatriz Lima', TO_DATE('1978-11-03', 'YYYY-MM-DD'), 'Rua C', '789', 'Casa Forte', 'Jaboatão', 'PE', '54000000');
INSERT INTO PESSOA VALUES ('44444444444', 'Maria Fátima', TO_DATE('2003-04-11', 'YYYY-MM-DD'), 'Rua D', '934', 'Várzea', 'Recife', 'PE', '56000000');
INSERT INTO PESSOA VALUES ('55555555555', 'Robson Fidalgo', TO_DATE('1970-12-04', 'YYYY-MM-DD'), 'Rua D', '934', 'Iputinga', 'Recife', 'PE', '57000000');
INSERT INTO PESSOA VALUES ('66666666666', 'Paulo Gustavo', TO_DATE('2005-01-20', 'YYYY-MM-DD'), 'Rua E', '101', 'Graças', 'Recife', 'PE', '59000000');
INSERT INTO PESSOA VALUES ('77777777777', 'Andson Baladeiro', TO_DATE('1980-06-13', 'YYYY-MM-DD'), 'Rua F', '112', 'Madalena', 'Recife', 'PE', '51000000');

-- TEL_PESSOA
INSERT INTO TEL_PESSOA VALUES ('81999998888', '11111111111');
INSERT INTO TEL_PESSOA VALUES ('81988887777', '22222222222');
INSERT INTO TEL_PESSOA VALUES ('81977776666', '33333333333');
INSERT INTO TEL_PESSOA VALUES ('81966666666', '44444444444'); 
INSERT INTO TEL_PESSOA VALUES ('81922222222', '55555555555');
INSERT INTO TEL_PESSOA VALUES ('81988888888', '66666666666');
INSERT INTO TEL_PESSOA VALUES ('81999999999', '77777777777'); 

-- CONSULTORIO
INSERT INTO CONSULTORIO VALUES ('12345678000100', 'Clínica VetVida', 'Av. Recife, 1000');
INSERT INTO CONSULTORIO VALUES ('98765432000100', 'Clínica Animais&Cia', 'Rua Olinda, 222');
INSERT INTO CONSULTORIO VALUES ('11112222000100', 'Hospital PetAmor', 'Av. Boa Viagem, 333');

-- VETERINARIO
INSERT INTO VETERINARIO VALUES ('11111111111', 'PE', '1234', NULL);
INSERT INTO VETERINARIO VALUES ('33333333333', 'PE', '3456', '11111111111');
INSERT INTO VETERINARIO VALUES ('66666666666', 'PE', '7891', '11111111111');

-- ESPECIALIDADE
INSERT INTO ESPECIALIDADE VALUES ('11111111111', 'Cirurgia');
INSERT INTO ESPECIALIDADE VALUES ('11111111111', 'Dermatologia');
INSERT INTO ESPECIALIDADE VALUES ('33333333333', 'Cardiologia');
INSERT INTO ESPECIALIDADE VALUES ('66666666666', 'Cirurgia');

-- TUTOR
INSERT INTO TUTOR VALUES ('22222222222');
INSERT INTO TUTOR VALUES ('33333333333'); 
INSERT INTO TUTOR VALUES ('44444444444'); 

-- ANIMAL
INSERT INTO ANIMAL VALUES (1, 'Tobi', 'M', TO_DATE('2020-01-10', 'YYYY-MM-DD'));
INSERT INTO ANIMAL VALUES (2, 'Alvin', 'F', TO_DATE('2019-07-23', 'YYYY-MM-DD'));
INSERT INTO ANIMAL VALUES (3, 'Thor', 'M', TO_DATE('2021-03-15', 'YYYY-MM-DD')); 
INSERT INTO ANIMAL VALUES (4, 'Rhaenyra', 'F', TO_DATE('2022-03-11', 'YYYY-MM-DD'));
INSERT INTO ANIMAL VALUES (5, 'Dudu', 'M', TO_DATE('2022-01-18', 'YYYY-MM-DD'));
INSERT INTO ANIMAL VALUES (6, 'Paçoca', 'F', TO_DATE('2025-03-23', 'YYYY-MM-DD'));
INSERT INTO ANIMAL VALUES (7, 'Umbigo', 'M', TO_DATE('2010-10-15', 'YYYY-MM-DD'));

-- RESPONSAVEL
INSERT INTO RESPONSAVEL VALUES (1, '22222222222');
INSERT INTO RESPONSAVEL VALUES (2, '33333333333');
INSERT INTO RESPONSAVEL VALUES (3, '22222222222'); 
INSERT INTO RESPONSAVEL VALUES (4, '22222222222');
INSERT INTO RESPONSAVEL VALUES (5, '44444444444');
INSERT INTO RESPONSAVEL VALUES (6, '44444444444');
INSERT INTO RESPONSAVEL VALUES (7, '44444444444');

-- CONSULTA
INSERT INTO CONSULTA VALUES (TO_TIMESTAMP('2025-08-01 09:00:00', 'YYYY-MM-DD HH24:MI:SS'), '11111111111', 1, '12345678000100');
INSERT INTO CONSULTA VALUES (TO_TIMESTAMP('2025-08-02 14:30:00', 'YYYY-MM-DD HH24:MI:SS'), '11111111111', 2, '98765432000100');
INSERT INTO CONSULTA VALUES (TO_TIMESTAMP('2025-08-03 10:00:00', 'YYYY-MM-DD HH24:MI:SS'), '33333333333', 3, '11112222000100');
INSERT INTO CONSULTA VALUES (TO_TIMESTAMP('2025-08-03 11:00:00', 'YYYY-MM-DD HH24:MI:SS'), '33333333333', 7, '11112222000100');
INSERT INTO CONSULTA VALUES (TO_TIMESTAMP('2025-07-12 10:00:20', 'YYYY-MM-DD HH24:MI:SS'), '66666666666', 4, '11112222000100');

-- RECEITA
INSERT INTO RECEITA VALUES ('Ração especial por 60 dias', 4, TO_TIMESTAMP('2025-07-12 10:00:20', 'YYYY-MM-DD HH24:MI:SS'), '66666666666', 4);
INSERT INTO RECEITA VALUES ('Pingar remédio pela manhã e noite', 5, TO_TIMESTAMP('2025-07-12 10:00:20', 'YYYY-MM-DD HH24:MI:SS'), '66666666666', 4);
INSERT INTO RECEITA VALUES ('Tomar antibiótico por 7 dias', 1, TO_TIMESTAMP('2025-08-01 09:00:00', 'YYYY-MM-DD HH24:MI:SS'), '11111111111', 1);
INSERT INTO RECEITA VALUES ('Aplicar pomada 2x ao dia', 2, TO_TIMESTAMP('2025-08-02 14:30:00', 'YYYY-MM-DD HH24:MI:SS'), '11111111111', 2);
INSERT INTO RECEITA VALUES ('Suplemento vitamínico diário', 3, TO_TIMESTAMP('2025-08-03 10:00:00', 'YYYY-MM-DD HH24:MI:SS'), '33333333333', 3);

-- INTERNACAO
INSERT INTO INTERNACAO VALUES (TO_TIMESTAMP('2025-08-01 11:00:00', 'YYYY-MM-DD HH24:MI:SS'), 1, 'Cirurgia de emergência');
INSERT INTO INTERNACAO VALUES (TO_TIMESTAMP('2025-08-02 15:00:00', 'YYYY-MM-DD HH24:MI:SS'), 2, 'Desidratação');
INSERT INTO INTERNACAO VALUES (TO_TIMESTAMP('2025-08-03 16:30:00', 'YYYY-MM-DD HH24:MI:SS'), 3, 'Recuperação pós-operatória');

-- REGISTRO_DIARIO
INSERT INTO REGISTRO_DIARIO VALUES (TO_TIMESTAMP('2025-08-01 18:00:00', 'YYYY-MM-DD HH24:MI:SS'), 1, TO_TIMESTAMP('2025-08-01 11:00:00', 'YYYY-MM-DD HH24:MI:SS'), 'Animal estável após cirurgia');
INSERT INTO REGISTRO_DIARIO VALUES (TO_TIMESTAMP('2025-08-02 20:00:00', 'YYYY-MM-DD HH24:MI:SS'), 2, TO_TIMESTAMP('2025-08-02 15:00:00', 'YYYY-MM-DD HH24:MI:SS'), 'Melhora no quadro clínico');
INSERT INTO REGISTRO_DIARIO VALUES (TO_TIMESTAMP('2025-08-03 22:00:00', 'YYYY-MM-DD HH24:MI:SS'), 3, TO_TIMESTAMP('2025-08-03 16:30:00', 'YYYY-MM-DD HH24:MI:SS'), 'Animal se alimentando bem');

-- CARTEIRA_VACINA
INSERT INTO CARTEIRA_VACINA VALUES (1, 1);
INSERT INTO CARTEIRA_VACINA VALUES (2, 2);
INSERT INTO CARTEIRA_VACINA VALUES (3, 3); 
INSERT INTO CARTEIRA_VACINA VALUES (4, 4);

-- VACINA
INSERT INTO VACINA VALUES ('V10', TO_DATE('2026-08-01', 'YYYY-MM-DD'), 1);
INSERT INTO VACINA VALUES ('Raiva', TO_DATE('2026-08-02', 'YYYY-MM-DD'), 2);
INSERT INTO VACINA VALUES ('Gripe', TO_DATE('2026-08-03', 'YYYY-MM-DD'), 3); 
INSERT INTO VACINA VALUES ('Raiva', TO_DATE('2026-08-02', 'YYYY-MM-DD'), 4);